{"resolution": [201, 145, 3], "trans": [0.020187728002772024, 0.08968347798325192, 59.404192558486535], "pose": [[-27.344395180972725, -1.4954225946963509, -5.024195277394593], [-0.3073517078195709, 0.06243590256297259, 0.3150281157105004], [-0.4809685835453571, -0.013984404532000408, -0.3127010483711271], [0.2981320084586825, -0.023007150396473754, 0.014938133240242846], [0.8789393974434254, -0.1373728477477051, -0.1388043861206508], [0.5968167922998633, 0.1256815962430683, 0.05757887904422359], [0.032383856686831795, -0.03584617066310696, 0.05369028353523645], [-0.2111043591826759, 0.09681615097243573, -0.13597729291198704], [-0.08315599428269284, -0.17997744017787998, 0.29774359647192356], [0.013691785701540756, -0.043456224211574294, 0.02448970332343789], [-0.2364931027776134, 0.2403462457062612, 0.2784547757465924], [-0.13573256624099458, 0.0999884611414555, -0.41959489658888327], [-0.12317388570308942, 0.011309680914519178, 0.10157627867867271], [0.007837441879496112, -0.1537116992741346, -0.23753831016821841], [-0.10028714246208963, 0.20720041451089688, 0.2084749770339862], [0.1382343031406263, -0.11026511914760591, -0.000767590485323116], [0.036322335463667074, -0.2874044882433425, -0.5965976651238779], [0.053885218372025326, 0.3886414466519958, 0.5432893882358075], [0.24638276007809243, -1.2174533846195257, 0.24618301602189394], [-0.003745655916760501, 1.5000999049188826, -0.4186410848005682], [0.025385558810170305, -0.10758695340630914, 0.11753849486082185], [0.028638718622431496, 0.11326832090200652, -0.14225500128491683], [-0.2000932450984135, -0.049887854950777834, -0.24284403751892322], [-0.15929244740988877, 0.1292120250078058, 0.22921927010175586]], "betas": [2.7698188609784764, 0.3305951070859149, 0.10395647315090537, -1.3996194002105582, -0.022672298322221854, -0.20225928443697513, 0.10605134109463148, -0.058482625317386794, -0.08014888988366206, 0.1671528501336449], "f": 5000.0}